{"cameraMode":{"drawMode":0,"name":"Shaded","section":"Shading Mode"},"sceneLighting":true,"audioPlay":false,"sceneViewState":{"m_AlwaysRefresh":false,"showFog":true,"showSkybox":true,"showFlares":true,"showImageEffects":true,"showParticleSystems":true,"showVisualEffectGraphs":true,"m_FxEnabled":true},"in2DMode":false,"pivot":{"x":104.94832611083985,"y":-12.968286514282227,"z":-197.05276489257813},"rotation":{"x":0.07659556716680527,"y":0.646196722984314,"z":-0.06543528288602829,"w":0.7566778063774109},"size":0.8660253882408142,"orthographic":false}