{"cameraMode":{"drawMode":0,"name":"Shaded","section":"Shading Mode"},"sceneLighting":false,"audioPlay":false,"sceneViewState":{"m_AlwaysRefresh":false,"showFog":true,"showSkybox":false,"showFlares":true,"showImageEffects":true,"showParticleSystems":true,"showVisualEffectGraphs":true,"m_FxEnabled":true},"in2DMode":false,"pivot":{"x":-0.12332218140363693,"y":-0.20811092853546143,"z":0.24920237064361573},"rotation":{"x":0.20867717266082765,"y":0.28420743346214297,"z":-0.06352221965789795,"w":0.933624267578125},"size":2.5297138690948488,"orthographic":false}