{"cameraMode":{"drawMode":0,"name":"Shaded","section":"Shading Mode"},"sceneLighting":false,"audioPlay":false,"sceneViewState":{"m_AlwaysRefresh":false,"showFog":true,"showSkybox":false,"showFlares":true,"showImageEffects":true,"showParticleSystems":true,"showVisualEffectGraphs":true,"m_FxEnabled":true},"in2DMode":false,"pivot":{"x":2.0699996948242189,"y":2.380000114440918,"z":-1.2235565185546876},"rotation":{"x":0.5000044107437134,"y":-0.04542437195777893,"z":0.026274414733052255,"w":0.8644365668296814},"size":12.12435531616211,"orthographic":false}