{"cameraMode":{"drawMode":0,"name":"Shaded","section":"Shading Mode"},"sceneLighting":false,"audioPlay":false,"sceneViewState":{"m_AlwaysRefresh":false,"showFog":true,"showSkybox":false,"showFlares":true,"showImageEffects":true,"showParticleSystems":true,"showVisualEffectGraphs":true,"m_FxEnabled":true},"in2DMode":false,"pivot":{"x":0.4137684106826782,"y":1.2127126455307007,"z":0.6078141927719116},"rotation":{"x":0.06784629821777344,"y":0.9318233132362366,"z":-0.2648228406906128,"w":0.23872315883636475},"size":1.3064701557159424,"orthographic":false}