{"cameraMode":{"drawMode":0,"name":"Shaded","section":"Shading Mode"},"sceneLighting":false,"audioPlay":false,"sceneViewState":{"m_AlwaysRefresh":false,"showFog":true,"showSkybox":false,"showFlares":true,"showImageEffects":true,"showParticleSystems":true,"showVisualEffectGraphs":true,"m_FxEnabled":true},"in2DMode":false,"pivot":{"x":1.1920928955078126e-7,"y":0.8521411418914795,"z":-0.05171757936477661},"rotation":{"x":0.1504034399986267,"y":0.7068538069725037,"z":-0.15798965096473695,"w":0.6729016900062561},"size":1.340937852859497,"orthographic":false}