{"cameraMode":{"drawMode":0,"name":"Shaded","section":"Shading Mode"},"sceneLighting":false,"audioPlay":false,"sceneViewState":{"m_AlwaysRefresh":false,"showFog":true,"showSkybox":false,"showFlares":true,"showImageEffects":true,"showParticleSystems":true,"showVisualEffectGraphs":true,"m_FxEnabled":true},"in2DMode":false,"pivot":{"x":-4.295000076293945,"y":0.9999999403953552,"z":2.3299999237060549},"rotation":{"x":0.14744485914707185,"y":0.6465824842453003,"z":-0.12931685149669648,"w":0.7372085452079773},"size":0.8660253882408142,"orthographic":false}